{
  "type": "object",
  "required": [
    "concept_summary",
    "domains",
    "meta_summary"
  ],
  "properties": {
    "concept_summary": {
      "type": "object",
      "required": [
        "name",
        "core_function",
        "structural_properties",
        "governing_principles"
      ],
      "properties": {
        "name": {
          "type": "string"
        },
        "core_function": {
          "type": "string"
        },
        "structural_properties": {
          "type": "array",
          "items": {
            "type": "string"
          }
        },
        "governing_principles": {
          "type": "array",
          "items": {
            "type": "string"
          }
        }
      }
    },
    "domains": {
      "type": "array",
      "minItems": 5,
      "items": {
        "type": "object",
        "required": [
          "name",
          "rationale",
          "applications"
        ],
        "properties": {
          "name": {
            "type": "string"
          },
          "rationale": {
            "type": "string"
          },
          "applications": {
            "type": "array",
            "minItems": 2,
            "items": {
              "type": "object",
              "required": [
                "id",
                "name",
                "description",
                "scale",
                "impact_potential",
                "feasibility",
                "risk_level"
              ],
              "properties": {
                "id": {
                  "type": "string"
                },
                "name": {
                  "type": "string"
                },
                "description": {
                  "type": "string"
                },
                "scale": {
                  "type": "string",
                  "enum": [
                    "micro",
                    "meso",
                    "macro"
                  ]
                },
                "impact_potential": {
                  "type": "string",
                  "enum": [
                    "low",
                    "medium",
                    "high"
                  ]
                },
                "feasibility": {
                  "type": "string",
                  "enum": [
                    "low",
                    "medium",
                    "high"
                  ]
                },
                "risk_level": {
                  "type": "string",
                  "enum": [
                    "none",
                    "low",
                    "medium",
                    "high"
                  ]
                },
                "notes": {
                  "type": "string"
                }
              }
            }
          }
        }
      }
    },
    "meta_summary": {
      "type": "object",
      "required": [
        "total_domains",
        "total_applications"
      ],
      "properties": {
        "total_domains": {
          "type": "integer"
        },
        "total_applications": {
          "type": "integer"
        },
        "notable_high_value_ids": {
          "type": "array",
          "items": {
            "type": "string"
          }
        },
        "notable_risk_flag_ids": {
          "type": "array",
          "items": {
            "type": "string"
          }
        }
      }
    }
  }
}