{
  "type": "object",
  "required": [
    "concept_name",
    "core_function",
    "structural_properties",
    "governing_principles",
    "constraints",
    "safety_tags"
  ],
  "properties": {
    "concept_name": {
      "type": "string"
    },
    "core_function": {
      "type": "string"
    },
    "structural_properties": {
      "type": "array",
      "items": {
        "type": "string"
      },
      "minItems": 3
    },
    "governing_principles": {
      "type": "array",
      "items": {
        "type": "string"
      },
      "minItems": 2
    },
    "constraints": {
      "type": "array",
      "items": {
        "type": "string"
      }
    },
    "safety_tags": {
      "type": "array",
      "items": {
        "type": "string"
      }
    }
  }
}